{
  "LightGBM": {
    "log_loss": 0.6200289691081429,
    "auc": 0.8070189719203701,
    "top5_ranking_accuracy": 0.5689655172413793
  },
  "XGBoost": {
    "log_loss": 0.6057486057881424,
    "auc": 0.8223267548087931,
    "top5_ranking_accuracy": 0.5517241379310345
  },
  "Baseline": {
    "log_loss": 0.6572236504197692,
    "auc": 0.7851514668992156,
    "top5_ranking_accuracy": 0.46551724137931033
  }
}