{
  "LightGBM": {
    "log_loss": 0.6105969723630197,
    "auc": 0.8203240521669333,
    "top5_ranking_accuracy": 0.5344827586206896
  },
  "XGBoost": {
    "log_loss": 0.6044897123963227,
    "auc": 0.8226987414152821,
    "top5_ranking_accuracy": 0.5517241379310345
  },
  "Baseline": {
    "log_loss": 0.6570233835850386,
    "auc": 0.7854035128836493,
    "top5_ranking_accuracy": 0.45689655172413796
  }
}