{
  "LightGBM": {
    "log_loss": 0.6107726745876282,
    "auc": 0.8171128325821465,
    "top5_ranking_accuracy": 0.5431034482758621
  },
  "XGBoost": {
    "log_loss": 0.6055847682111285,
    "auc": 0.8219489834482897,
    "top5_ranking_accuracy": 0.5517241379310345
  },
  "Baseline": {
    "log_loss": 0.6569458282312337,
    "auc": 0.7847911789070635,
    "top5_ranking_accuracy": 0.46551724137931033
  }
}