{
  "LightGBM": {
    "log_loss": 0.6108490462017939,
    "auc": 0.8210698081044158,
    "top5_ranking_accuracy": 0.5344827586206896
  },
  "XGBoost": {
    "log_loss": 0.6042666444213259,
    "auc": 0.8248000270926951,
    "top5_ranking_accuracy": 0.5517241379310345
  },
  "Baseline": {
    "log_loss": 0.6569243288223564,
    "auc": 0.7849842131372536,
    "top5_ranking_accuracy": 0.45689655172413796
  }
}